data_index, predict_class, correct_class ,movie_num,,,,,,
4,2,0,/mnt/nas/STAIR_Actions_v1.0/writing/a064-0227C.mp4,,,,,,
10,1,0,/mnt/nas/STAIR_Actions_v1.0/writing/a064-0233C.mp4,,,,,,
23,1,0,/mnt/nas/STAIR_Actions_v1.0/writing/a064-0247C.mp4,,,,,,
40,2,0,/mnt/nas/STAIR_Actions_v1.0/writing/a064-0264C.mp4,,,,,,
41,1,0,/mnt/nas/STAIR_Actions_v1.0/writing/a064-0265C.mp4,,,,,,
52,1,0,/mnt/nas/STAIR_Actions_v1.0/writing/a064-0276C.mp4,,,,,,
57,1,0,/mnt/nas/STAIR_Actions_v1.0/writing/a064-0281C.mp4,,,,,,
69,1,0,/mnt/nas/STAIR_Actions_v1.0/writing/a064-0294C.mp4,,,,,,
70,1,0,/mnt/nas/STAIR_Actions_v1.0/writing/a064-0295C.mp4,,,,,,
98,2,0,/mnt/nas/STAIR_Actions_v1.0/writing/a064-0325C.mp4,,,,,,
104,2,0,/mnt/nas/STAIR_Actions_v1.0/writing/a064-0331C.mp4,,,,,,
107,1,0,/mnt/nas/STAIR_Actions_v1.0/writing/a064-0334C.mp4,,,,,,
113,1,0,/mnt/nas/STAIR_Actions_v1.0/writing/a064-0340C.mp4,,,,,,
117,2,0,/mnt/nas/STAIR_Actions_v1.0/writing/a064-0344C.mp4,,,,,,
121,2,0,/mnt/nas/STAIR_Actions_v1.0/writing/a064-0348C.mp4,,,,,,
125,2,0,/mnt/nas/STAIR_Actions_v1.0/writing/a064-0352C.mp4,,,,,,
133,1,0,/mnt/nas/STAIR_Actions_v1.0/writing/a064-0360C.mp4,,,,,,
137,1,0,/mnt/nas/STAIR_Actions_v1.0/writing/a064-0364C.mp4,,,,,,
162,2,0,/mnt/nas/STAIR_Actions_v1.0/writing/a064-0389C.mp4,,,,,,
182,1,0,/mnt/nas/STAIR_Actions_v1.0/writing/a064-0409C.mp4,,,,,,
194,2,0,/mnt/nas/STAIR_Actions_v1.0/writing/a064-0421C.mp4,,,,,,
204,1,0,/mnt/nas/STAIR_Actions_v1.0/writing/a064-0431C.mp4,,,,,,
206,1,0,/mnt/nas/STAIR_Actions_v1.0/writing/a064-0433C.mp4,,,,,,
223,1,0,/mnt/nas/STAIR_Actions_v1.0/writing/a064-0450C.mp4,,,,,,
232,2,0,/mnt/nas/STAIR_Actions_v1.0/writing/a064-0460C.mp4,,,,,,
248,1,0,/mnt/nas/STAIR_Actions_v1.0/writing/a064-0476C.mp4,,,,,,
271,1,0,/mnt/nas/STAIR_Actions_v1.0/writing/a064-0499C.mp4,,,,,,
276,2,0,/mnt/nas/STAIR_Actions_v1.0/writing/a064-0504C.mp4,,,,,,
286,2,0,/mnt/nas/STAIR_Actions_v1.0/writing/a064-0515C.mp4,,,,,,
295,1,0,/mnt/nas/STAIR_Actions_v1.0/writing/a064-0524C.mp4,,,,,,
296,1,0,/mnt/nas/STAIR_Actions_v1.0/writing/a064-0525C.mp4,,,,,,
311,1,0,/mnt/nas/STAIR_Actions_v1.0/writing/a064-0540C.mp4,,,,,,
317,2,0,/mnt/nas/STAIR_Actions_v1.0/writing/a064-0546C.mp4,,,,,,
326,1,0,/mnt/nas/STAIR_Actions_v1.0/writing/a064-0555C.mp4,,,,,,
330,1,0,/mnt/nas/STAIR_Actions_v1.0/writing/a064-0559C.mp4,,,,,,
357,1,0,/mnt/nas/STAIR_Actions_v1.0/writing/a064-0586C.mp4,,,,,,
361,2,0,/mnt/nas/STAIR_Actions_v1.0/writing/a064-0590C.mp4,,,,,,
379,1,0,/mnt/nas/STAIR_Actions_v1.0/writing/a064-0608C.mp4,,,,,,
452,1,0,/mnt/nas/STAIR_Actions_v1.0/writing/a064-0681C.mp4,,,,,,
453,1,0,/mnt/nas/STAIR_Actions_v1.0/writing/a064-0682C.mp4,,,,,,
465,1,0,/mnt/nas/STAIR_Actions_v1.0/writing/a064-0694C.mp4,,,,,,
482,1,0,/mnt/nas/STAIR_Actions_v1.0/writing/a064-0711C.mp4,,,,,,
486,1,0,/mnt/nas/STAIR_Actions_v1.0/writing/a064-0715C.mp4,,,,,,
489,1,0,/mnt/nas/STAIR_Actions_v1.0/writing/a064-0718C.mp4,,,,,,
522,2,0,/mnt/nas/STAIR_Actions_v1.0/writing/a064-0751C.mp4,,,,,,
547,1,0,/mnt/nas/STAIR_Actions_v1.0/writing/a064-0776C.mp4,,,,,,
567,2,0,/mnt/nas/STAIR_Actions_v1.0/writing/a064-0796C.mp4,,,,,,
578,2,0,/mnt/nas/STAIR_Actions_v1.0/writing/a064-0808C.mp4,,,,,,
587,1,0,/mnt/nas/STAIR_Actions_v1.0/writing/a064-0817C.mp4,,,,,,
609,1,0,/mnt/nas/STAIR_Actions_v1.0/writing/a064-0839C.mp4,,,,,,
610,1,0,/mnt/nas/STAIR_Actions_v1.0/writing/a064-0840C.mp4,,,,,,
619,1,0,/mnt/nas/STAIR_Actions_v1.0/writing/a064-0849C.mp4,,,,,,
621,1,0,/mnt/nas/STAIR_Actions_v1.0/writing/a064-0851C.mp4,,,,,,
638,1,0,/mnt/nas/STAIR_Actions_v1.0/writing/a064-0868C.mp4,,,,,,
643,1,0,/mnt/nas/STAIR_Actions_v1.0/writing/a064-0873C.mp4,,,,,,
652,0,1,/mnt/nas/STAIR_Actions_v1.0/reading_newspaper/a060-0053C.mp4,,,,,,
666,2,1,/mnt/nas/STAIR_Actions_v1.0/reading_newspaper/a060-0067C.mp4,,,,,,
670,2,1,/mnt/nas/STAIR_Actions_v1.0/reading_newspaper/a060-0071C.mp4,,,,,,
702,0,1,/mnt/nas/STAIR_Actions_v1.0/reading_newspaper/a060-0103C.mp4,,,,,,
710,0,1,/mnt/nas/STAIR_Actions_v1.0/reading_newspaper/a060-0111C.mp4,,,,,,
711,0,1,/mnt/nas/STAIR_Actions_v1.0/reading_newspaper/a060-0112C.mp4,,,,,,
712,0,1,/mnt/nas/STAIR_Actions_v1.0/reading_newspaper/a060-0113C.mp4,,,,,,
731,0,1,/mnt/nas/STAIR_Actions_v1.0/reading_newspaper/a060-0132C.mp4,,,,,,
743,0,1,/mnt/nas/STAIR_Actions_v1.0/reading_newspaper/a060-0144C.mp4,,,,,,
745,0,1,/mnt/nas/STAIR_Actions_v1.0/reading_newspaper/a060-0146C.mp4,,,,,,
746,2,1,/mnt/nas/STAIR_Actions_v1.0/reading_newspaper/a060-0147C.mp4,,,,,,
748,0,1,/mnt/nas/STAIR_Actions_v1.0/reading_newspaper/a060-0149C.mp4,,,,,,
762,0,1,/mnt/nas/STAIR_Actions_v1.0/reading_newspaper/a060-0163C.mp4,,,,,,
776,0,1,/mnt/nas/STAIR_Actions_v1.0/reading_newspaper/a060-0177C.mp4,,,,,,
795,2,1,/mnt/nas/STAIR_Actions_v1.0/reading_newspaper/a060-0196C.mp4,,,,,,
806,0,1,/mnt/nas/STAIR_Actions_v1.0/reading_newspaper/a060-0207C.mp4,,,,,,
831,2,1,/mnt/nas/STAIR_Actions_v1.0/reading_newspaper/a060-0232C.mp4,,,,,,
886,0,1,/mnt/nas/STAIR_Actions_v1.0/reading_newspaper/a060-0287C.mp4,,,,,,
906,2,1,/mnt/nas/STAIR_Actions_v1.0/reading_newspaper/a060-0307C.mp4,,,,,,
991,0,1,/mnt/nas/STAIR_Actions_v1.0/reading_newspaper/a060-0392C.mp4,,,,,,
1005,0,1,/mnt/nas/STAIR_Actions_v1.0/reading_newspaper/a060-0406C.mp4,,,,,,
1010,0,1,/mnt/nas/STAIR_Actions_v1.0/reading_newspaper/a060-0411C.mp4,,,,,,
1012,0,1,/mnt/nas/STAIR_Actions_v1.0/reading_newspaper/a060-0413C.mp4,,,,,,
1018,0,1,/mnt/nas/STAIR_Actions_v1.0/reading_newspaper/a060-0419C.mp4,,,,,,
1023,2,1,/mnt/nas/STAIR_Actions_v1.0/reading_newspaper/a060-0424C.mp4,,,,,,
1041,0,1,/mnt/nas/STAIR_Actions_v1.0/reading_newspaper/a060-0442C.mp4,,,,,,
1043,0,1,/mnt/nas/STAIR_Actions_v1.0/reading_newspaper/a060-0444C.mp4,,,,,,
1062,0,1,/mnt/nas/STAIR_Actions_v1.0/reading_newspaper/a060-0463C.mp4,,,,,,
1063,0,1,/mnt/nas/STAIR_Actions_v1.0/reading_newspaper/a060-0464C.mp4,,,,,,
1068,0,1,/mnt/nas/STAIR_Actions_v1.0/reading_newspaper/a060-0469C.mp4,,,,,,
1079,0,1,/mnt/nas/STAIR_Actions_v1.0/reading_newspaper/a060-0480C.mp4,,,,,,
1081,0,1,/mnt/nas/STAIR_Actions_v1.0/reading_newspaper/a060-0482C.mp4,,,,,,
1096,0,1,/mnt/nas/STAIR_Actions_v1.0/reading_newspaper/a060-0497C.mp4,,,,,,
1106,2,1,/mnt/nas/STAIR_Actions_v1.0/reading_newspaper/a060-0507C.mp4,,,,,,
1109,2,1,/mnt/nas/STAIR_Actions_v1.0/reading_newspaper/a060-0510C.mp4,,,,,,
1138,2,1,/mnt/nas/STAIR_Actions_v1.0/reading_newspaper/a060-0539C.mp4,,,,,,
1211,2,1,/mnt/nas/STAIR_Actions_v1.0/reading_newspaper/a060-0613C.mp4,,,,,,
1303,0,1,/mnt/nas/STAIR_Actions_v1.0/reading_newspaper/a060-0705C.mp4,,,,,,
1313,0,1,/mnt/nas/STAIR_Actions_v1.0/reading_newspaper/a060-0715C.mp4,,,,,,
1328,2,1,/mnt/nas/STAIR_Actions_v1.0/reading_newspaper/a060-0730C.mp4,,,,,,
1332,2,1,/mnt/nas/STAIR_Actions_v1.0/reading_newspaper/a060-0734C.mp4,,,,,,
1379,0,1,/mnt/nas/STAIR_Actions_v1.0/reading_newspaper/a060-0781C.mp4,,,,,,
1390,0,1,/mnt/nas/STAIR_Actions_v1.0/reading_newspaper/a060-0792C.mp4,,,,,,
1422,2,1,/mnt/nas/STAIR_Actions_v1.0/reading_newspaper/a060-0824C.mp4,,,,,,
1449,0,1,/mnt/nas/STAIR_Actions_v1.0/reading_newspaper/a060-0852C.mp4,,,,,,
1457,2,1,/mnt/nas/STAIR_Actions_v1.0/reading_newspaper/a060-0860C.mp4,,,,,,
1459,0,1,/mnt/nas/STAIR_Actions_v1.0/reading_newspaper/a060-0862C.mp4,,,,,,
1692,1,2,/mnt/nas/STAIR_Actions_v1.0/bowing/a087-0339C.mp4,,,,,,
1756,0,2,/mnt/nas/STAIR_Actions_v1.0/bowing/a087-0404C.mp4,,,,,,
1772,1,2,/mnt/nas/STAIR_Actions_v1.0/bowing/a087-0420C.mp4,,,,,,
1872,0,2,/mnt/nas/STAIR_Actions_v1.0/bowing/a087-0525C.mp4,,,,,,
1881,1,2,/mnt/nas/STAIR_Actions_v1.0/bowing/a087-0534C.mp4,,,,,,
1901,1,2,/mnt/nas/STAIR_Actions_v1.0/bowing/a087-0557C.mp4,,,,,,
1942,1,2,/mnt/nas/STAIR_Actions_v1.0/bowing/a087-0603C.mp4,,,,,,
1962,1,2,/mnt/nas/STAIR_Actions_v1.0/bowing/a087-0625C.mp4,,,,,,
2013,1,2,/mnt/nas/STAIR_Actions_v1.0/bowing/a087-0679C.mp4,,,,,,
2028,0,2,/mnt/nas/STAIR_Actions_v1.0/bowing/a087-0694C.mp4,,,,,,
2070,1,2,/mnt/nas/STAIR_Actions_v1.0/bowing/a087-0741C.mp4,,,,,,
2098,1,2,/mnt/nas/STAIR_Actions_v1.0/bowing/a087-0770C.mp4,,,,,,
2119,0,2,/mnt/nas/STAIR_Actions_v1.0/bowing/a087-0791C.mp4,,,,,,
2179,1,2,/mnt/nas/STAIR_Actions_v1.0/bowing/a087-0852C.mp4,,,,,,
2233,1,2,/mnt/nas/STAIR_Actions_v1.0/bowing/a087-0910C.mp4,,,,,,
2236,1,2,/mnt/nas/STAIR_Actions_v1.0/bowing/a087-0913C.mp4,,,,,,
2258,0,2,/mnt/nas/STAIR_Actions_v1.0/bowing/a087-0936C.mp4,,,,,,
2308,1,2,/mnt/nas/STAIR_Actions_v1.0/bowing/a087-0988C.mp4,,,,,,
2345,0,2,/mnt/nas/STAIR_Actions_v1.0/bowing/a087-1025C.mp4,,,,,,
2351,1,2,/mnt/nas/STAIR_Actions_v1.0/bowing/a087-1031C.mp4,,,,,,
2395,0,2,/mnt/nas/STAIR_Actions_v1.0/bowing/a087-1079C.mp4,,,,,,
2441,0,2,/mnt/nas/STAIR_Actions_v1.0/bowing/a087-1126C.mp4,,,,,,
2551,1,2,/mnt/nas/STAIR_Actions_v1.0/bowing/a087-1240C.mp4,,,,,,
2589,1,2,/mnt/nas/STAIR_Actions_v1.0/bowing/a087-1278C.mp4,,,,,,
2598,0,2,/mnt/nas/STAIR_Actions_v1.0/bowing/a087-1288C.mp4,,,,,,
2606,0,2,/mnt/nas/STAIR_Actions_v1.0/bowing/a087-1296C.mp4,,,,,,
2625,0,2,/mnt/nas/STAIR_Actions_v1.0/bowing/a087-1316C.mp4,,,,,,
2628,1,2,/mnt/nas/STAIR_Actions_v1.0/bowing/a087-1319C.mp4,,,,,,
,,,,,,,,,
36,,,,correct class,predict class,all num,false num,sum,false rate
,,,,wriring,reading,,38,,24.051%
,,,,,boiwng,,17,,10.759%
,,,,,,158,,55,34.810%
,,,,reading,writing,,32,,16.000%
,,,,,bowing,,15,,7.500%
,,,,,,200,,47,23.500%
,,,,bowing,writing,,11,,3.618%
,,,,,reading,,17,,5.592%
,,,,,,304,,28,9.211%
,,,,,,662,,130,19.637%
,,,,,,,,,
,,,,,,,,,
,writing,reading,bowing,sum,,,,,
writing,0.000%,24.051%,10.759%,158,,,,,
reading,16.000%,0.000%,7.500%,200,,,,,
bowing,3.618%,5.592%,0.000%,304,,,,,
